stu-miR391-3p	GCATCATACTCCTGCATATT
stu-miR8032a-5p	TGGTCGGCATGACTCCCGAGGT
stu-miR8008a	ATTTCCAGAAAAGCGACGGACAGT
stu-miR1919-3p	ACGAGAGTCATCTGTGACAGG
stu-miR8005b-5p	ACTCTAAATTTTAAATTCTAAATC
stu-miR167d-3p	GATCATGTGGTTGCTTCACC
stu-miR395b	CTGAAGTGTTTGGGGGAACTC
stu-miR166d-5p	AGAATGTCGTCTGGTTCGAGA
stu-miR8032a-3p	AGTGTGAGTCGGTGTGATTAGG
stu-miR1886b	ATGGTATCGTGAGATGAAATCAGC
stu-miR1886i-5p	ATGAGATGAAATTAGCGTTTGGAT
stu-miR7999-3p	ACGACCCGTAGAACTGCCCACGAC
stu-miR390-5p	AAGCTCAGGAGGGATAGCACC
stu-miR8030-3p	TTAAAACCAAATCAACCCAAAT
stu-miR1886i-3p	TTTACGTTGATTTCATCTCATGA
stu-miR167b-3p	GATCATGTGGCAGCATCACC
stu-miR482e-5p	AGTGGGTGGTGTGGTAAGATT
stu-miR395i	CTGAAGTGTTTGGGGGAACTC
stu-miR6026-5p	AATACAACTATTGCCAAGACAA
stu-miR399h	GGGCTACTCTCTATTGGCATG
stu-miR7983-5p	TAAAGTCTTTAGCGACATTGGTTC
stu-miR479	TGAGCCGAACCAATATCACTC
stu-miR169e-5p	TAGCCAAGGATGACTTGCCT
stu-miR8038b-3p	GTTCAACTTGCTCACTTGGAG
stu-miR7997c	ATATTGCTCGGACTCTTCAAAAAT
stu-miR8000	ACACCGAAGAACTGACACCGAAGA
stu-miR8019-3p	AAAAGAATGACCTGGTTTGACTTG
stu-miR8006-5p	TAGTTTTTGGACGACAGGGGCACC
stu-miR169e-3p	GCAAGTTATCCTGGCTATC
stu-miR8032e-5p	TGGTCGGCATGACTCCCGAGGT
stu-miR169c-3p	GCAGTCTCCTTGGCTACC
stu-miR169b-3p	GCAGTCTCCTTGGCTACT
stu-miR7984c-5p	ACGATACCAAACTTTATGAAGGAC
stu-miR6025	TACCAACAATTGAGATAACATC
stu-miR162b-3p	TCGATAAACCTCTGCATCCAG
stu-miR8004	AGGGGTTGTGTATGTGTTTGGCCT
stu-miR482a-5p	GGAATTGGTGGATTGGAAAGC
stu-miR390-3p	CGCTATCCATCTTGAGTTTTA
stu-miR7992-5p	TTTGACAATGCACATCTAGACACT
stu-miR171a-3p	TGATTGAGCCGTGCCAATATC
stu-miR399k-3p	CGCCAAAGGAGAGCTGCCCTG
stu-miR8040-3p	CTTATAATTGTAATTATGATC
stu-miR408a-3p	TGCACAGCCTCTTCCCTGGTT
stu-miR8032c	TGGTCGGCATGACTCCCGAGGT
stu-miR162a-3p	TCGATAAACCTCTGCATCCAG
stu-miR8032g-3p	AGTGTGAGTCGGTGCGATTAGG
stu-miR7990a	TTCAAATGATCGTAACTTTGGCCT
stu-miR399i-5p	GGGCTACACTCTATTGGCATG
stu-miR164-3p	CATGTGCTCTAGCTCTCCAGC
stu-miR399g-3p	CGCCAAAGGGGAGCTGCCCTA
stu-miR7980b-5p	GTCCAAACACTGATTCCATCTCAT
stu-miR8045	ATTGATAGTTGAGGTGTGTTT
stu-miR172e-3p	AGAATCTTGATGATGCTGCAT
stu-miR8005c	TTTAGAGTTTAAGGTTTAGAGTTT
stu-miR8022	TTTAAATGAGAATTTTGGACTATT
stu-miR7987	ACACTAGTTGATCTTATTGATGAC
stu-miR8032b-5p	TGGTCGGCATGACTCCCGAGGT
stu-miR5303f	ATTTTTGGAGAATCTGACACGGGT
stu-miR7980b-3p	GAGATGGAATCAGTGTTTGGACAT
stu-miR477a-5p	CCTCTCCCTCAAGGGCTTCTC
stu-miR8033-5p	TTCCAAAGCTGCAGAAATGAGT
stu-miR399l-3p	CGCCAAAGGAGAGCTGCCCTG
stu-miR8002-3p	ATTCCATTATTATCAAGAAAAAAG
stu-miR169g	TAGCCAAGGATGACTTGCCT
stu-miR395g	CTGAAGTGTTTGGGGGAACTC
stu-miR7993d	ATATTTTATGTGGTTAACTTAACT
stu-miR172a-3p	AGAATCTTGATGATGCTGCAT
stu-miR8041b-3p	ATGATGTATAGCAAAGAGCCT
stu-miR169a-3p	GCAGTCTCCTTGGCTACT
stu-miR477b-5p	ACTCTCCCTCAAAGGCTTCTG
stu-miR8048-3p	AGATGGACATGCTAATGAACA
stu-miR399d-3p	TGCCAAAGGAGAGCTGCCCTG
stu-miR399n-5p	GGGCTACTCTCTATTGGCATG
stu-miR399j-5p	GGGCTACTCTCTATTGGCATA
stu-miR8051-5p	TAGTATGGTAGAAAGATTCA
stu-miR169d-5p	TAGCCAAGGATGACTTGCCT
stu-miR167a-5p	TGAAGCTGCCAGCATGATCTA
stu-miR164-5p	TGGAGAAGCAGGGCACATGCT
stu-miR8032b-3p	AGTGTGAGTCGGTGCGATTAGG
stu-miR399f-3p	TGCCAAAGGAGAGCTGCCCTG
stu-miR827-3p	TTAGATGAACATCAACAAACA
stu-miR8024a-5p	TTGAAGAATTTAAAGACTTCAACT
stu-miR399g-5p	GGGCTACTCTCTATTGGCATG
stu-miR1886f	ATGGTATCGTGAGATGAAATCAGC
stu-miR156k-5p	TGACAGAAGAGAGTGAGCAC
stu-miR8041a-5p	GTGCTTTGCTATTTTCATTG
stu-miR167c-5p	TGAAGCTGCCAGCATGATCTA
stu-miR5303b	TTTTGGAGAATCCGACACGCACCC
stu-miR482b-5p	GGAGTGGGTGGCATGGTAAGA
stu-miR6024-5p	AGAAACAACACTTGCTAAAAGA
stu-miR172e-5p	GCAACATCATCAAGATTCACA
stu-miR399c-3p	TGCCAAAGGAGAGCTGCCCTG
stu-miR399c-5p	GGGCTACTCTCTATTGGCATG
stu-miR172b-3p	AGAATCTTGATGATGCTGCAT
stu-miR8001b-3p	GGATTTTCATACTAATTCCTAGAA
stu-miR399m-3p	CGCCAAAGGAGAGCTGCCCTG
stu-miR156i-5p	TGACAGAAGAGAGTGAGCAC
stu-miR398a-3p	TATGTTCTCAGGTCGCCCCTG
stu-miR399b-5p	GGGCTACTCTCTATTGGCATG
stu-miR7984c-3p	CCTTCATAAAGTTTGGTATCGTAA
stu-miR399a-5p	GGGCTACTCTCTATTGGCATG
stu-miR395a	CTGAAGTGTTTGGGGGAACTC
stu-miR167b-5p	TGAAGCTGCCAGCATGATCTA
stu-miR8032f-3p	AGTGTGAGTCGGTGCGATTAGG
stu-miR399e-3p	TGCCAAAGGAGAGCTGCCCTG
stu-miR8046-3p	CGCTGAAATTTCGATCATAAT
stu-miR7994b-3p	ATATTATACTTGGGCATAAACTCC
stu-miR166c-3p	TCGGACCAGGCTTCATTCCCC
stu-miR7122-5p	TTATACAGAGAAACCGCTGTCG
stu-miR391-5p	TACGCAGGAGAGATGATGCTG
stu-miR5303d	TTTTGGAGAATCCGACACGCACCC
stu-miR8018	ACGAACCGTAGATCCCATCCGTGG
stu-miR8007a-5p	ATGTGGCACTTTTCGGATTTTGAG
stu-miR172d-5p	GGAGCATCATCAAGATTCACA
stu-miR8005a	TTTAGAGTTTAAGGTTTAGAGTTT
stu-miR1886a	ATGGTATCGTGAGATGAAATCAGC
stu-miR160a-5p	TGCCTGGCTCCCTGTATGCCA
stu-miR6149-3p	TGATTCAGGTTTGTATGCAAAC
stu-miR7996c	ATGTGGTACATATGAAATTTGAAA
stu-miR395j	CTGAAGTGTTTGGGGGAACTC
stu-miR8021	ATTCAAGGCTCAAACTCGAGACCT
stu-miR399l-5p	GGGCTACTCTCTATTGGCATG
stu-miR171d-3p	TTGAGCCGTGCCAATATCACG
stu-miR6022	TGGAAGGGAGAATATCCAGGA
stu-miR171e	TGATTGAGCCGTGCCAATATC
stu-miR482d-5p	CGTGAGTGGTGGGGTAAGATA
stu-miR8033-3p	TCAATTCTGCAGCTTTAGGAGT
stu-miR7995	TTACACGTAGACAAGTTGACCATT
stu-miR7984d-5p	ATCCGAACTTTGACCGAAATTGCT
stu-miR156c	TTGACAGAAGATAGAGAGCAC
stu-miR7992-3p	TGTCTAGATGTGCATTTCAAAGT
stu-miR8011a-5p	TTGTGTGAGGTTTCTTTTTGTTTC
stu-miR156d-3p	GCTCTCTATGCTTCTGTCATCA
stu-miR7991a	AGGAGGTCGGAATTTTTAATGAAT
stu-miR8001b-5p	ATGGGGATTAGTATGAAAATTTGC
stu-miR156h-3p	GCTCACTGCTCTATCTGTCACC
stu-miR7982b	AAGTTGGATGATAATAATATATAT
stu-miR7988	AACGGAAAAGGGCCAAAAATACCC
stu-miR397-5p	ATTGAGTGCAGCGTTGATGAC
stu-miR160a-3p	GCGTATGAGGAGCCAAGCATA
stu-miR399a-3p	TGCCAAAGGAGAGCTGCCCTG
stu-miR319a-3p	TTGGACTGAAGGGAGCTCCCT
stu-miR7122-3p	ACAGCGTTTCTCTGTATAACC
stu-miR530	TCTGCATTTGCACCTGCACCT
stu-miR7980a	ATGAGATGAAGTCAATGTTTGGAC
stu-miR1886c	ATGGTATCGTGAGATGAAATCAGC
stu-miR5303a	TTTTGGAGAATCCGACACGCACCC
stu-miR399j-3p	CGCCAAAGGAGAGCTGCCCTG
stu-miR8032d-3p	AGTGTGAGTTGGTGCGATTAGG
stu-miR482a-3p	TTTCCAATTCCACCCATTCCTA
stu-miR7998	ACGGACCGTAGATCAATCCACAGT
stu-miR408a-5p	ACAGGGACGAGGCAGCGCATG
stu-miR8011a-3p	AATAAAAAGAAGCCTCACACAACT
stu-miR169a-5p	TAGCCAAGGATGACTTGCCT
stu-miR7999-5p	CTGGGTCACTTCTACGGGTCCTTC
stu-miR8008b	AAACCCAGAAAAGCGACGGACAGT
stu-miR8048-5p	CTCATTAGCATCTCCATCTTG
stu-miR8019-5p	AGGGAAGCAGGTCATTCTTTATG
stu-miR8025-3p	TTTAATTGCATGCCAAGTGTGTGG
stu-miR827-5p	TTTGTTGATGGTCATCTATTC
stu-miR5303j	AATATTTTTGAAGAGTCTGAGCAA
stu-miR399i-3p	TGCCAAAGGAGAGTTGCCCTA
stu-miR319b	TTGGACTGAAGGGAGCTCCT
stu-miR1886g-5p	GAGATGAGATCAATGTTTGGACAT
stu-miR8050-3p	TGACTTGAGATTCCTACTTGG
stu-miR5303g	ATATTTTTGAAGAGTCTGAGCAAC
stu-miR395f	CTGAAGTGTTTGGGGGAACTC
stu-miR8006-3p	TGCCCTGCCGTCCAAAAAATAGA
stu-miR7982a	AAGTTGGATGATAATAATATATAT
stu-miR8050-5p	AAGTAGGAATCAAGGTCAAT
stu-miR7993b-3p	ATATTTTATGTGGTTAACTTAACT
stu-miR399o-3p	CGCCAAAGGAGAGCTGCCCTG
stu-miR477a-3p	GAAGCTCTAGCAGGGAGAGCCA
stu-miR6026-3p	TTCTTGGCTAGAGTTGTATTGC
stu-miR8015-5p	TATTGGATATTGAAAATGAAACTT
stu-miR166a-3p	TCGGACCAGGCTTCATTCCCC
stu-miR7981-5p	GTTAATTAAACTATGGTCCTATTA
stu-miR8014-5p	ATTGTTTCATATTGTATTGTATTT
stu-miR8038b-5p	CCTTGTGAGTAAGTTGAATCTC
stu-miR482e-3p	TCTTGCCAATACCGCCCATTCC
stu-miR8005b-3p	TTTAGAGTTTAAGGTTTAGAGTTT
stu-miR8044-5p	TTTCAAATATGGTTGGAGATG
stu-miR8037	ATAATTTGGAGGAATAGGAACC
stu-miR8049-3p	CATGTCTACATGAGCCTGATA
stu-miR6149-5p	TTGCAACACACCTGAATCGTC
stu-miR7986	AGTTTAAAACGTTACTGTCGGTAA
stu-miR7984d-3p	CAATTTCGGTCAAAGTTCGGATAT
stu-miR8028-5p	TCCTTATGCTACAATTGTGAACAA
stu-miR7984b-3p	GGTCTTTCATAAAATTTGGTATCG
stu-miR3627-3p	AAGTGCCTCTGTCTTTCGACA
stu-miR8007a-3p	CGAAAAATGAAAAGTGCCACATAA
stu-miR8024a-3p	TTGGAGGATTTGAAGATTTCAACT
stu-miR397-3p	CATCAACGCTACACTCAATCA
stu-miR166d-3p	TCGGACCAGGCTTCATTCCCC
stu-miR6023	TTCCATGAAAGTGTTTTTGGAT
stu-miR8007b-3p	CGAAAAATGAAAAGTACCACATAA
stu-miR171d-5p	AGATATTGGTGCGGTTCAATT
stu-miR7993a	ATATTTTATGTGGTTAACTTAACT
stu-miR8047	CCATTTTTTCGAAATTAGACC
stu-miR156a	TTGACAGAAGATAGAGAGCAC
stu-miR8024b	TTGGAGGATTTGAAGATTTCAACT
stu-miR8001a	TCCTGGGGATTAGTATGAAAATTC
stu-miR169h	TAGCCAAGGATGACTTGCCT
stu-miR7981-3p	ATAGGACTTTAGTTTAGTTAAGGT
stu-miR5303i	ATATTTTTGAAGAGTCTGAGCAAC
stu-miR171c-5p	TATTGGCCTGGTTCACTCAGA
stu-miR8032e-3p	AGTGTGAGTCGGTGTGATTAGG
stu-miR399e-5p	GGGCTACTCTCTATTGGCATG
stu-miR7985	CGGGCTTGCCTAGAACGGGTTACC
stu-miR8015-3p	GTTTCATTTTCAAGGTCCAATAGC
stu-miR1886e	ATGGTATCGTGAGATGAAATCAGC
stu-miR7984a	ATACCGAACTTTGGAAATGACCTT
stu-miR7993b-5p	TTAAGTTAACCACATAAAATATGT
stu-miR8041b-5p	GTGCTTTGCTATTTTCATTG
stu-miR5303e	TTTTGGAGAATCTGACACGGGTGT
stu-miR8020	AATTTCATTGAGTATGTTGTTGTT
stu-miR8039	TTTCCTATCTGAACTATCACC
stu-miR156d-5p	TTGACAGAAGATAGAGAGCAC
stu-miR8023	TTTGGCACAATTTCATTGGCAACC
stu-miR156i-3p	GCTCACTGCTCTATCTGTCACC
stu-miR7997a	ATGCTGCTCGGACTCTTCAAA
stu-miR8017	ATCCAAGTGAAGTGTATCGTCTCA
stu-miR7994b-5p	AGTTTATGCCCAAGTATATAATATAT
stu-miR171a-5p	TATTGGCCTGGTTCACTCAGA
stu-miR156f-3p	CTCACTTCTCTTTCTGTCAATC
stu-miR7990b	GAATTTTCAAATGATCGTAACTTT
stu-miR169f-5p	TAGCCAAGGATGACTTGCCT
stu-miR167d-5p	TGAAGCTGCCAGCATGATCTA
stu-miR7989	ACAAATAAGTCCATTACCTGAACC
stu-miR171b-3p	TTGAGCCGCGTCAATATCTCT
stu-miR1886h	ATTTTACGTTGATTTCATCTCATG
stu-miR482c	TTTCCTATTCCACCCATGCCAA
stu-miR8025-5p	ACATACTCGACATGCAATTAAATT
stu-miR395h	CTGAAGTGTTTGGGGGAACTC
stu-miR169d-3p	GCAGGTCATCTTTAGCTAACT
stu-miR8038a-5p	CCTTGTGAGTAAGTTGAATCTC
stu-miR8014-3p	ATGAATACAATGTTTGGATAAATT
stu-miR166b	TCGGACCAGGCTTCATTCCTC
stu-miR169c-5p	TAGCCAAGGATGACTTGCCT
stu-miR395e	CTGAAGTGTTTGGGGGAACTC
stu-miR7991b	AGGAGGTCGGAATTTTTAATGAAT
stu-miR384-3p	AGGGGGCCAAAGTGCCAAAC
stu-miR8028-3p	GTTCATAATTATAGTATAAGGATG
stu-miR399o-5p	GGGCTACTCTCTATTGGCATG
stu-miR7996b	ATGTGGTACATATGAAATTTGAAA
stu-miR166a-5p	GGAATGTTGTCTGGCTCGAGG
stu-miR395d	CTGAAGTGTTTGGGGGAACTC
stu-miR167c-3p	GGTCATGCTCGGACAGCCTCACT
stu-miR1886g-3p	TTTCATATTGATTTCATCTCAT
stu-miR8034	TATGACAAACACTGCAAAAACT
stu-miR398b-5p	GAGTGTGCCTTAGAACACAGGT
stu-miR5303h	AACATTTTTGAAGAGTCTGAGCAA
stu-miR6027	TGAATCCTTCGGCTATCCATAA
stu-miR172c-3p	AGAATCTTGATGATGCTGC
stu-miR7979	AGGTACATGAACTCTAACGAGGCA
stu-miR8032g-5p	TGGTCGGCATGACTCCCGAGGT
stu-miR408b-5p	ACGGGGACGAGACAGAGCATG
stu-miR482d-3p	TCTTGCCTACACCGCCCATGCC
stu-miR172b-5p	GCAGCACCATCAAGATTCACA
stu-miR8029	AGCCATTTTTCTTTGTTTTGGAGC
stu-miR156g-5p	TGACAGAAGAGAGTGAGCAC
stu-miR8040-5p	TCATAATTACAATTATAAGCC
stu-miR7994a	ATATTATACTTGGGCATAAACTCC
stu-miR393-3p	ATCATGCGATCTCTTCGGAAT
stu-miR172d-3p	GGAATCTTGATGATGCTGCAG
stu-miR3627-5p	TCGCAGGAGAGATGGCACTTAG
stu-miR398b-3p	TTGTGTTCTCAGGTCACCCCT
stu-miR156h-5p	TGACAGAAGAGAGTGAGCAC
stu-miR8046-5p	TATGATCGAAGTTTCAATGAC
stu-miR1919-5p	TGTCGCAGATGACTTTCGCCC
stu-miR160b	TGCCTGGCTCCCTGTATGCCA
stu-miR8043	TGATATAATTGGACTTTGGCC
stu-miR7984b-5p	ATACCGAACTTTGGAAATGACCTT
stu-miR8044-3p	TCTCCAGCGATATTTGAAACT
stu-miR395c	CTGAAGTGTTTGGGGGAACTC
stu-miR398a-5p	GGGTTGATTTGAGAACATATG
stu-miR399m-5p	GGGCTACTCTCTATTGGCATG
stu-miR399k-5p	GGGCTACTCTCTATTGGCATG
stu-miR399b-3p	TGCCAAAGGAGAGCTGCCCTG
stu-miR156j-5p	TGACAGAAGAGAGTGAGCAC
stu-miR156b	TTGACAGAAGATAGAGAGCAC
stu-miR8027	ATCTCGAGATAAGTTATTCTGGAC
stu-miR482b-3p	TTACCGATTCCCCCCATTCCAA
stu-miR8038a-3p	GTTCAACTTGCTCACTTGGAG
stu-miR6024-3p	TTTTAGCAAGAGTTGTTTTCCC
stu-miR7983-3p	ACTAATGCCGGTAAAGACTTTAAC
stu-miR8049-5p	CAAGGCTCATGCAGACATGCA
stu-miR399n-3p	CGCCAAAGGAGAGCTGCCCTG
stu-miR171c-3p	TGATTGAGCCGTGTCAATATC
stu-miR319a-5p	AGAGCTTTCTTCGGTCCACAC
stu-miR156g-3p	GCTTACTCTCTATCTGTCACC
stu-miR172a-5p	GTAGCATAATCAAGATTCACA
stu-miR8009	ATTTCCAGAAAAGCGACGGACAGT
stu-miR8036-3p	TATGTCTTTCCGATGCCTCCCA
stu-miR319-5p	AGGAAACTGTTTAGTCCAACC
stu-miR156j-3p	GCTCACTGCTCTATCTGTCACC
stu-miR477b-3p	GAGGTCTTTCGAGTGAGAGTGA
stu-miR172c-5p	AGCATCTTCAAGATTCACA
stu-miR8010	ATAGGACCCTAGTTAAATTTAGGT
stu-miR169f-3p	GCAAGCATCCTTGGCGACT
stu-miR8041a-3p	ATGATGTATAGCAAAGAGCCT
stu-miR393-5p	TCCAAAGGGATCGCATTGATCC
stu-miR8011b-3p	TTCGTGAGACAAAAAGAAGCCT
stu-miR8036-5p	GGAGGAATCGAAAGATATAAG
stu-miR319-3p	TTGGACTGAAGGGTTCCCTTC
stu-miR8051-3p	TATTTCTTCTACCATACTATT
stu-miR162b-5p	GGAGGCAGCGGTTCATCGATC
stu-miR8003	ATTTCGGTATACAAATGGGATGAC
stu-miR156e	TGACAGAAGAGAGTGAGCAC
stu-miR8012	ATGACTTTAAGTCGCGTCTGGCCC
stu-miR156f-5p	CTGACAGAAGAGAGTGAGCA
stu-miR8042	ATTAGACTGAAGTGCTGATCT
stu-miR8011b-5p	ACTCATTTTTGTCTCACAAAAA
stu-miR156k-3p	GCTCACTGCTCTATCTGTCACC
stu-miR396-5p	TTCCACAGCTTTCTTGAACTT
stu-miR8013	AGAAGAAAATCGCTCCGTCAGAAG
stu-miR384-5p	TTGGCATTCTGTCCACCTCC
stu-miR167a-3p	GATCATGTGGCAGCCTCACC
stu-miR399f-5p	GGGCTACTCTCTATTGGCATG
stu-miR8002-5p	TTTTTCGTGATAATAATGGAATCA
stu-miR8007b-5p	ATGTGACACTTTTTGAATTTCGAG
stu-miR171b-5p	AGATATTGATGTGGCTCAATC
stu-miR1886d	ATGGTATCGTGAGATGAAATCAGC
stu-miR7997b	ATGCTGCTCGGACTCTTCAAA
stu-miR8035	TCCATCTTCAATATCACTTTCT
stu-miR399d-5p	GGGCTACTCTCTATTGGCATG
stu-miR166c-5p	GGAATGTTGTTTGGCTCGAGG
stu-miR169b-5p	TAGCCAAGGATGACTTGCCT
stu-miR5304-3p	AGATGAGTATGGTGCATTGGA
stu-miR5303c	TTTTGGAGAATCCGACACGCACCC
stu-miR396-3p	GTCCAAGAAAGCTGTGGGAAA
stu-miR7991c	AGGAGGTCGGAATTTTTAATGAAT
stu-miR8031	TTAGACACCTCAACTAAGACTTG
stu-miR7996a	ATGTGGTACATATGAAATTTGAAA
stu-miR8030-5p	TTGGGTTGGTTTGGTCTCGGGTT
stu-miR8016	ATTTTTGAATGGAAGGCCCATGTG
stu-miR7993c	ATATTTTATGTGGTTAACTTAACT
stu-miR162a-5p	GGAGGCAGCGGTTCATCGATC
stu-miR8026	ATGTAGAGAATATGTGGTAACCCT
stu-miR8032f-5p	TGGTCGGCATGACTCCCGAGGT
stu-miR5304-5p	CAATGCAACATACTCATCACC
stu-miR408b-3p	TGCACTGCCTCTTCCCTGGCT
stu-miR8032d-5p	TGGTCGGCATGACTCCCGAGGT
